{"type":"Topology","arcs":[[[5808,3723],[14,19],[24,36],[13,19],[44,56],[6,12],[3,9],[2,9],[1,8],[1,26],[1,20],[2,9],[147,418],[5,17],[12,51],[10,45]],[[6096,4490],[4,19],[15,68],[123,562]],[[2518,165],[16,-8]],[[3517,866],[4,5]],[[3511,860],[6,6]],[[661,147],[20,6],[13,2],[25,5],[22,3],[13,1],[234,2],[261,2],[87,1],[457,4],[43,1],[92,6],[89,5],[97,6],[163,8]],[[533,49],[54,51],[17,16],[9,7],[9,5],[8,5],[14,7],[11,5],[6,2]],[[5206,2741],[50,202],[4,10],[87,155],[65,118],[33,56],[16,23],[14,15],[13,14],[6,6],[11,14]],[[5505,3354],[77,94],[55,66],[171,209]],[[6093,4477],[3,13]],[[6238,5139],[7,33]],[[6245,5172],[38,171],[4,18],[4,9],[7,14],[70,121],[47,79],[147,254],[84,144],[12,15],[14,14],[10,9],[66,43]],[[6748,6063],[39,25]],[[6787,6088],[60,39],[17,14],[17,15],[14,13],[8,10],[19,25],[15,25],[176,384],[39,84],[85,186]],[[7237,6883],[2,6]],[[7239,6889],[89,192],[47,105],[182,395],[40,85],[201,438],[251,545],[31,65]],[[3625,990],[116,135],[21,22],[101,117],[18,20],[82,95],[29,39],[32,44],[20,24],[20,24],[39,39],[157,180],[27,30],[17,24],[15,29],[42,91]],[[4361,1903],[6,13]],[[4367,1916],[72,158],[27,51],[13,26]],[[4479,2151],[19,26],[68,83],[14,18],[37,51],[50,55],[13,16],[12,15],[12,13],[8,12],[17,33],[16,30]],[[4745,2503],[8,-3],[11,-2],[69,-10],[162,-23],[29,-3],[17,-2],[16,0],[23,2],[30,0],[67,1],[2,0]],[[5179,2463],[-2,102],[-1,50],[4,17],[26,109]],[[2291,199],[96,4],[19,-1],[23,-3],[12,-2],[16,-5],[18,-8],[43,-19]],[[2277,199],[14,0]],[[0,188],[31,-14],[4,-3],[4,-4],[1,-3]],[[401,2],[-8,-2]],[[3521,871],[31,37],[24,27],[49,55]],[[533,49],[-15,-10],[-10,-6],[-11,-4],[-29,-10],[-27,-8],[-24,-5],[-16,-4]],[[3625,990],[-118,-118]],[[3517,866],[-10,6]],[[3901,669],[-384,197]],[[2534,157],[131,-60],[19,-7],[18,-3],[21,-2],[11,0],[17,1],[17,3],[13,3],[38,12],[19,8],[11,5],[14,8],[12,8],[12,11],[22,23],[60,70],[245,280],[62,72],[141,162],[25,30]],[[3442,781],[18,20],[39,44],[12,15]],[[3442,781],[5,9],[28,40],[32,42]],[[3507,872],[-62,30],[-134,69],[-79,40],[-59,28],[-35,19],[-244,125],[-43,23],[-66,33],[-54,28],[-19,9],[-11,9],[-7,7],[-8,8],[-12,15]],[[2674,1315],[-37,44]],[[2637,1359],[-28,34],[-6,4],[-10,6],[-188,80],[-515,225],[-73,31],[-55,26],[-96,41],[-156,68],[-145,61],[-148,64]]],"transform":{"scale":[0.000050386384777229943,0.000058282629332112385],"translate":[-97.30217071099997,27.917934040000034]},"objects":{"hurrevac_aransasbay":{"type":"GeometryCollection","geometries":[{"type":"LineString","arcs":[0],"properties":{"OBJECTID_1":1,"FID_Hurric":218,"Join_Count":1,"TARGET_FID":219,"FID_1":3760,"OBJECTID":2160,"NIMA_ID":"TX1320","ROAD_CLASS":"STATE HIGHWAY","ROAD_NAME":"TX-35","COUNTERFLO":"N","STATE":"TX","PAVED":"Y","MEDIAN":"N","LANECATEGR":"1","TOLLWAY":"N","TUNNEL":"N","BRIDGE":"N","RAMP":"N","FID_HUC8":9,"HUC8_1":"12100405","Name_1":"Aransas Bay","Length":3.17550197291,"TOTAL_SUM":0,"Shape_Leng":0.0466540055968}},{"type":"LineString","arcs":[1],"properties":{"OBJECTID_1":2,"FID_Hurric":219,"Join_Count":1,"TARGET_FID":220,"FID_1":3761,"OBJECTID":2161,"NIMA_ID":"TX1322","ROAD_CLASS":"STATE HIGHWAY","ROAD_NAME":"TX-35","COUNTERFLO":"N","STATE":"TX","PAVED":"Y","MEDIAN":"N","LANECATEGR":"1","TOLLWAY":"N","TUNNEL":"N","BRIDGE":"N","RAMP":"N","FID_HUC8":9,"HUC8_1":"12100405","Name_1":"Aransas Bay","Length":2.6409361338,"TOTAL_SUM":0,"Shape_Leng":0.0384687958956}},{"type":"LineString","arcs":[2],"properties":{"OBJECTID_1":3,"FID_Hurric":449,"Join_Count":1,"TARGET_FID":450,"FID_1":1026,"OBJECTID":625,"NIMA_ID":"TX63","ROAD_CLASS":"STATE HIGHWAY","ROAD_NAME":"TX-35","COUNTERFLO":"N","STATE":"TX","PAVED":"Y","MEDIAN":"Y","LANECATEGR":"2","TOLLWAY":"N","TUNNEL":"N","BRIDGE":"Y","RAMP":"N","FID_HUC8":9,"HUC8_1":"12100405","Name_1":"Aransas Bay","Length":0.058933729352,"TOTAL_SUM":0,"Shape_Leng":0.000935259744868}},{"type":"MultiLineString","arcs":[[3],[4]],"properties":{"OBJECTID_1":4,"FID_Hurric":450,"Join_Count":1,"TARGET_FID":451,"FID_1":1027,"OBJECTID":626,"NIMA_ID":"TX64","ROAD_CLASS":"STATE HIGHWAY","ROAD_NAME":"TX-35","COUNTERFLO":"N","STATE":"TX","PAVED":"Y","MEDIAN":"Y","LANECATEGR":"2","TOLLWAY":"N","TUNNEL":"N","BRIDGE":"Y","RAMP":"N","FID_HUC8":9,"HUC8_1":"12100405","Name_1":"Aransas Bay","Length":0.0520470646418,"TOTAL_SUM":0,"Shape_Leng":0.000786047307417}},{"type":"LineString","arcs":[5],"properties":{"OBJECTID_1":5,"FID_Hurric":451,"Join_Count":1,"TARGET_FID":452,"FID_1":1028,"OBJECTID":627,"NIMA_ID":"TX65","ROAD_CLASS":"STATE HIGHWAY","ROAD_NAME":"TX-35","COUNTERFLO":"N","STATE":"TX","PAVED":"Y","MEDIAN":"Y","LANECATEGR":"2","TOLLWAY":"N","TUNNEL":"N","BRIDGE":"N","RAMP":"N","FID_HUC8":9,"HUC8_1":"12100405","Name_1":"Aransas Bay","Length":4.99182532746,"TOTAL_SUM":0,"Shape_Leng":0.0816105635848}},{"type":"LineString","arcs":[6],"properties":{"OBJECTID_1":6,"FID_Hurric":452,"Join_Count":1,"TARGET_FID":453,"FID_1":1033,"OBJECTID":632,"NIMA_ID":"TX70","ROAD_CLASS":"STATE HIGHWAY","ROAD_NAME":"TX-35","COUNTERFLO":"N","STATE":"TX","PAVED":"Y","MEDIAN":"Y","LANECATEGR":"2","TOLLWAY":"N","TUNNEL":"N","BRIDGE":"N","RAMP":"N","FID_HUC8":9,"HUC8_1":"12100405","Name_1":"Aransas Bay","Length":0.562190049797,"TOTAL_SUM":0,"Shape_Leng":0.00869203025576}},{"type":"LineString","arcs":[7],"properties":{"OBJECTID_1":7,"FID_Hurric":492,"Join_Count":1,"TARGET_FID":493,"FID_1":1197,"OBJECTID":795,"NIMA_ID":"TX1318","ROAD_CLASS":"STATE HIGHWAY","ROAD_NAME":"TX-35","COUNTERFLO":"N","STATE":"TX","PAVED":"Y","MEDIAN":"N","LANECATEGR":"1","TOLLWAY":"N","TUNNEL":"N","BRIDGE":"N","RAMP":"N","FID_HUC8":9,"HUC8_1":"12100405","Name_1":"Aransas Bay","Length":2.64996197263,"TOTAL_SUM":0,"Shape_Leng":0.0391627997775}},{"type":"LineString","arcs":[8],"properties":{"OBJECTID_1":8,"FID_Hurric":526,"Join_Count":1,"TARGET_FID":527,"FID_1":1682,"OBJECTID":1682,"NIMA_ID":"TX1319","ROAD_CLASS":"STATE HIGHWAY","ROAD_NAME":"TX-35","COUNTERFLO":"N","STATE":"TX","PAVED":"Y","MEDIAN":"N/A","LANECATEGR":"1","TOLLWAY":"N","TUNNEL":"N","BRIDGE":"Y","RAMP":"N","FID_HUC8":9,"HUC8_1":"12100405","Name_1":"Aransas Bay","Length":1.75234949269,"TOTAL_SUM":0,"Shape_Leng":0.0264008191685}},{"type":"LineString","arcs":[9],"properties":{"OBJECTID_1":9,"FID_Hurric":527,"Join_Count":1,"TARGET_FID":528,"FID_1":1683,"OBJECTID":1683,"NIMA_ID":"TX1321","ROAD_CLASS":"STATE HIGHWAY","ROAD_NAME":"TX-35","COUNTERFLO":"N","STATE":"TX","PAVED":"Y","MEDIAN":"N","LANECATEGR":"1","TOLLWAY":"N","TUNNEL":"N","BRIDGE":"Y","RAMP":"N","FID_HUC8":9,"HUC8_1":"12100405","Name_1":"Aransas Bay","Length":0.0539455959571,"TOTAL_SUM":0,"Shape_Leng":0.000786394472892}},{"type":"LineString","arcs":[10],"properties":{"OBJECTID_1":10,"FID_Hurric":531,"Join_Count":1,"TARGET_FID":532,"FID_1":1687,"OBJECTID":1687,"NIMA_ID":"TX1323","ROAD_CLASS":"STATE HIGHWAY","ROAD_NAME":"TX-35","COUNTERFLO":"N","STATE":"TX","PAVED":"Y","MEDIAN":"N","LANECATEGR":"1","TOLLWAY":"N","TUNNEL":"N","BRIDGE":"Y","RAMP":"N","FID_HUC8":9,"HUC8_1":"12100405","Name_1":"Aransas Bay","Length":0.135469728229,"TOTAL_SUM":0,"Shape_Leng":0.00197301314117}},{"type":"LineString","arcs":[11],"properties":{"OBJECTID_1":11,"FID_Hurric":532,"Join_Count":1,"TARGET_FID":533,"FID_1":1688,"OBJECTID":1688,"NIMA_ID":"TX1324","ROAD_CLASS":"STATE HIGHWAY","ROAD_NAME":"TX-35","COUNTERFLO":"N","STATE":"TX","PAVED":"Y","MEDIAN":"N","LANECATEGR":"1","TOLLWAY":"N","TUNNEL":"N","BRIDGE":"N","RAMP":"N","FID_HUC8":9,"HUC8_1":"12100405","Name_1":"Aransas Bay","Length":3.9530964173,"TOTAL_SUM":0,"Shape_Leng":0.0587308106317}},{"type":"LineString","arcs":[12],"properties":{"OBJECTID_1":12,"FID_Hurric":536,"Join_Count":1,"TARGET_FID":537,"FID_1":1692,"OBJECTID":1692,"NIMA_ID":"TX1325","ROAD_CLASS":"STATE HIGHWAY","ROAD_NAME":"TX-35","COUNTERFLO":"N","STATE":"TX","PAVED":"Y","MEDIAN":"N","LANECATEGR":"1","TOLLWAY":"N","TUNNEL":"N","BRIDGE":"Y","RAMP":"N","FID_HUC8":9,"HUC8_1":"12100405","Name_1":"Aransas Bay","Length":0.155205166704,"TOTAL_SUM":0,"Shape_Leng":0.00242790553566}},{"type":"LineString","arcs":[13],"properties":{"OBJECTID_1":13,"FID_Hurric":640,"Join_Count":1,